,id,filename,label,experiment,biocondition,stain,note,alternative,color frame
10,10,MAX_ND Acquisition - 200nM Day 3 copy 2.png,200nM Day 3,5,test,GFP,,,green
12,12,MAX_ND Acquisition - 200nM Day 3 copy 3.png,200nM Day 3,6,test,GFP,,,green
16,16,MAX_ND Acquisition - 200nM Day 3 copy 4.png,200nM Day 3,8,test,GFP,,,green
20,20,MAX_ND Acquisition - 200nM Day 3 copy 5.png,200nM Day 3,10,test,GFP,,,green
6,6,MAX_ND Acquisition - 200nM Day 3 copy.png,200nM Day 3,3,test,GFP,,,green
2,2,MAX_ND Acquisition - 200nM Day 3.png,200nM Day 3,1,test,GFP,,,green
8,8,MAX_ND Acquisition - 50uM Day 3 copy 2.png,50uM Day 3,4,test,GFP,,,green
11,11,MAX_ND Acquisition - 50uM Day 3 copy 3.png,50uM Day 3,6,control,GFP,Control count less than test,,green
14,14,MAX_ND Acquisition - 50uM Day 3 copy 4.png,50uM Day 3,7,test,GFP,,,green
18,18,MAX_ND Acquisition - 50uM Day 3 copy 5.png,50uM Day 3,9,test,GFP,,,green
4,4,MAX_ND Acquisition - 50uM Day 3 copy.png,50uM Day 3,2,test,GFP,,,green
1,1,MAX_ND Acquisition - 50uM Day 3.png,50uM Day 3,1,control,GFP,Control intensity significantly less than test,<,green
13,13,MAX_ND Acquisition - DMSO Day 3 copy 2.png,DMSO Day 3,7,control,GFP,Control count greater than test,,green
15,15,MAX_ND Acquisition - DMSO Day 3 copy 3.png,DMSO Day 3,8,control,GFP,Control count greater than test,,green
5,5,MAX_ND Acquisition - DMSO Day 3 copy.png,DMSO Day 3,3,control,GFP,Control intensity significantly greater than test,>,green
3,3,MAX_ND Acquisition - DMSO Day 3.png,DMSO Day 3,2,control,GFP,Control intensity significantly greater than test,>,green
17,17,MAX_ND Acquisition - NT Day 3 copy 2.png,NT Day 3,9,control,GFP,Control count greater than test,,green
19,19,MAX_ND Acquisition - NT Day 3 copy 3.png,NT Day 3,10,control,GFP,Control count greater than test,,green
9,9,MAX_ND Acquisition - NT Day 3 copy.png,NT Day 3,5,control,GFP,Control intensity significantly greater than test,>,green
7,7,MAX_ND Acquisition - NT Day 3.png,NT Day 3,4,control,GFP,Control intensity significantly greater than test,>,green
