id,filename,label,experiment,biocondition,stain,note,alternative
1,chiou_f1_cd133+.tif,CD133+,1,control,CD133,claim: control intensity significantly greater than test,>
2,chiou_f1_cd133-.tif,CD133-,1,test,CD133,,
3,chiou_f6_bcl2_ir-cd133+.tif,CD133+,2,control,BCL2,claim: control intensity significantly greater than test,>
4,chiou_f6_bcl2_ir-cd133-.tif,CD133-,2,test,BCL2,,
5,chiou_f6_mge_ir-cd133+.tif,CD133+,3,control,BCL2,claim: control intensity significantly greater than test,>
6,chiou_f6_mge_ir-cd133-.tif,CD133-,3,test,BCL2,,